aaditya_711	0
cbh666	0
003-Ramzan-Akh-2029	0
realrahin90	0
xlab	668
Abhisathwika12	0
abhij3et	0
ajay_kumar676	0
saketh_6545	0
Tanmay_392781	0
AC_on_first_TRY	0
2022wangzhaolan	0
langdog	0
alt_middle-guarantee-777	0
ankitkumar1234__	55
not_error31121	0
margo_151515	0
ayushrawatar04	0
Joker_rnd	0
b_pravallika06	0
kanika2206	0
eilomilo	0
rohithman5	0
monjurmbm404	40
The_Tanish	0
SnugBug	2
alexklm	0
sujal-17	0
Untitled_unrevised	0
Aerin	0
takkritagya16	0
Milan_Prajapati	54
damnrx4	0
amanpatelzx	7
nithin_2454	0
jagruti0908	0
Sa_Pa_ku	0
patrickwen1	0
diptanshu....	0
md_laofulaidaCF	0
Minecboi	0
Sharky2177	0
omid.ghmonfared90	0
vedula_07	0
ayushvem8795	0
Jvan_Dam	0
MukooL	0
rohankharche8	0
mdsorojmolla	0
Sag1ttarius	0
celesbeing	0
binaryxihfaz	0
ailaJaadu	0
valkov123	0
Jeet_Kaneriya	0
Haibara_Ai_4869	0
mDeupa	19
sairam.v	0
Akky_0504	0
shubham-kumar-145	0
NavyaSri_28	0
Kainar-019-29	0
x0rque	5
ishaanparikh0706	0
PalestineOnTop	0
shreyansh_21	0
mr.robot_19	0
marichi	19
infovarius	0
kl2400030175	0
M_MURALI	0
Garcia_Messy	0
AlgoSpectre	0
Minh_Quan_TB	0
olamecoding	0
priyaa22741	0
aruuuu11	0
1jh	0
makeshwaranjio	0
EternalEpic	0
UtkarshKesarwani	0
AdriftSakura	0
Ayushek	0
kl2400032687	0
techie_harssh0099	0
canny_s	0
kunalk_07	0
EmilAhmaBoy	0
orlova56904	0
OjasZende	0
victory15	27
phuleminhthien	0
Th3_Ch0sen_One	148
Watermelon_Thrower	0
Vishal_075	0
aditya6927	0
CODZEE_DEBASISH	0
Harshacharanreddy	0
phanbahung	0
abhijeetnagar56	0
Recursive_void	2
OR10N_PX	24
luna_lovegood	1
rayaonly	0
999captain	0
sayeduzzaman_sajid	0
Darkk_Shadoww	0
cr2out	0
AtharvAg84	0
ccbc13	0
sikoreczka	0
fgefeaf	0
yugjuneja2003	0
Surya_O_O	0
Mahbodmohni	0
PVenK	0
Jeffrin_Jebuson	0
NikolaiLantsov	0
adijain8332	0
SleepyCoder44	2
i_sarthak_jagtap	0
sodiumit	2
adityapat27	0
polarbear03617	8
Pentacontahexahedra	0
RoOoOoKie	0
D.chetanrao	0
zj_zj12	274
Ahmadup12	0
kartheek_2006	0
Exe_UwU	0
dmsmohit333	0
ananhanoun987654321	0
89211231950	0
ahanf	0
dinhhuubaonam123	0
ujjawalpatidar2004	0
MD_Faisal_	0
Linasa	0
sdanushkumar14	0
Frogg126	0
shr05746	0
tuganxi	0
somay_107	0
mehraab	0
yadavsatvik50	0
EslamTaha	0
kartikeypatle132	0
seiba	720
mahendrakhichar19	0
toasted_duckens	0
PrashCoder0506	0
jakesy	0
satwikrajwadhwa	0
AntiBEkzhan	0
Muhammadaziz	51
VoidLegion09	0
dhanushgowda	0
sohan_0_1	0
TralaleloTralala	14
goryx	0
lokeee	0
qbaiyu	7
DOGQI	2
Future75	0
Susann	0
Kumar_Shourya	0
rupeshkumarsah.2024cse	0
chandragupta_101	0
NVN34	0
testercode	0
Kushal033	0
hvss24	0
Vasudev_CodeReaper	0
diss_quack	0
amruthsaieitikala13.	0
Njust_jisan	0
ashwin_2006	0
Mamkin_Progerr	0
somasauras_	0
TheEighty	0
zome0103	11
rehanalam	0
coding_kd	0
Ali202541	0
Material_humbled_fool	0
InvinsibleChampion	0
funguspoop	0
weiyun_yanyu	0
genlisa	0
Yuvraj_007	0
Dhairya5	0
CamiCamiCami	2
muditsharma332	0
grr5h5htry	0
uroojgul123	0
slothonduty	10
vsai3890	0
Nemesis_141	0
AkashdeepSingh006	0
Phara0h	0
kyadavrishna	0
GaleStarr	0
Ramvijay_rauth	0
pranav2904om	0
VishalHarsh	0
Mehrad_Deyri	35
Jatin_Budakoti	0
_asunaa	0
pranavmawle8206	0
Shashwat_Kumar_1234	0
madhavgupta25824	0
E4star	0
yuyc	298
eshita6	0
PrakharChauhan065	0
MZJR07	0
priyanshisehra_111	0
Pilgrim1043	0
shreyvijay	0
kit25csebrojas	0
rid.dhi_1509	0
Pereira95	0
Adi_1515	0
KL2400032167	0
AshutoshMalviya	0
suprithyadav75	0
rating_rollback	0
shiroyowaii	114
kl2400033352	0
devBhardwaj69	0
Rachitmani	0
uwu.girl	0
iamniyathnair	0
munazzashaik.tech	0
AkashInvariant	0
mustansirkanchwala45	0
MDHasan110304	0
sadnessnsorrow	163
Aimgo	0
krishna17	0
luca.rares.andrei	0
ayray	0
Ayushku__23	0
arvindreddy2912	0
TenseLemon	0
R_Yashu	0
Aksh_001	0
china_banana	23
SinedTop	0
murmusurmila	0
prg404	0
VSalpha1606	0
Rawan-Alafiony	0
anirban.kr2707	0
Xing_with_77	2
Nijknight	4
Rating_Is_An_illusion	0
DhavalGupta	0
nikhil8800	0
mod1e9	147
iolkl	0
amulya_ajya	0
_mbi	0
Chikitha09	0
Sarvani_Tatori	0
zenwick	0
Maths2222222	0
yatharthbabbar1	0
K1412	0
Divyansh_18	0
Olexander	0
PlievD	0
Raijhin	0
siddhant_gawande	0
sameer2028	0
Thaket	3
sm2006	0
satapathy123	0
vansh4554	0
Not_Abdul_Munim	6
Pragnan	0
TaDok	0
Kris_tina2011	4
prajyot_530	0
Ascender...	0
Sneha_anand21	0
yrzpioneer.	0
N1kisha	0
Ploderrrr	0
Ganesh00935n	0
RahulGupta2403	0
Armaan_Singh	0
shriwastavaaditya11	0
orzanurag	0
seikatroybd	0
hanoi11phong_vn	0
Harinee_suresh07	0
MEOWiCAT	0
Sumanya_123	0
MadKane14	0
Mahmoud-K-G-Tech14	0
K-V-V-R	0
janakiyapatla	0
adarooshdatta	0
singhamshashvat	0
unknownn_04	0
vermaaadarsh	0
Nisarg_007	0
wujra	0
sumanbiswas	0
Daksh_Gupta	0
haimiya	0
bulltball	13
Abdelrahman137	0
sreedeep_19	0
KirZin	0
30SK5	0
Grunwald1410	0
akash_cso	0
sakshamchopra	0
chaudharyruchika206	0
Saiiiiiimm	5
Abhinav_2324	15
lingamshreyas	0
Prionyx	0
irrational_integer	0
Hitesh011107	0
applezk	130
kartikkrmishra	0
TesseracTT	0
Rauf443	0
sabiHa_Islam	0
Tarela4ka	2
b0r__g	4
adityagarg006	18
sipisipisapasapa	0
ultimate_g.o.d	0
TheDarkKnightRises.	0
krishjaiswal523	0
bhargav.m.patil	0
KRISH_SHAH_3001	0
avinavm167	0
love_044	0
SiDaoForever	0
kit28.24bam032	0
enderr	416
niKoGoticAAAA	0
ttorubarov	0
priyanshudx	25
aquiem	7
Riya_56x1	0
murad_musali	0
yousaegg	4
Nini_265	0
mopslover148	0
24r11a05y4	0
may_iku69	0
student_gun	0
veershah90210	0
Amnesia0525	0
Kriegerss	0
Travisss318	0
Pinicchio	0
qv.blkv	0
The_crazy_bot	1
Abdullah_225	0
cLockingTime	44
kit29_25bad128_	0
anushka_kunchala	0
Rajbir_singh	0
neptune21	0
Antony123456	0
S_I_L_V_E_R	0
akhil	12
secret_coder_2004	0
kele1109	0
Sora213	77
sudheer4_27	0
N0nchalantAc1d	7
Crysthamus	0
debashisraysaikat	0
sam.wlh.ds	0
_duomi_	0
justin.smith.codeforces3	0
ved3921	0
Mornmist	0
me_spd	13
osydoong	165
Rajender_Singh	0
kanav67	1
mr-panther01	0
ashnew	0
kl2400090139	0
veloscite	0
anirbandotdev	0
mayurjsarma	0
_f_a_him_	0
UnFoundED_QwQ	1
Aphrodite_2210	0
Mohammad_shaheed_M_H	0
fakegirish	0
Vibha_1729	0
Abdullah_34	2
connn.nn	0
P4r4g	0
Vinay_Yadav_7	0
Platinum_end	16
lakshaybtr16	0
UltimateAAJ	19
gandhilehariom17	0
ArYAn_SHArma__IITROORkee	0
ARIZ-SPACE666	0
srijan1893	0
training_coder	0
BucketMan777	0
utshoprogrammer	8
Alimzhan1223	0
2ez4vvj	4
Newtonabc	7
zhongly	0
Saharsh_3	0
limbu_timbu	0
Radu.Moldovan	0
pointer_19	0
CyberCpp_9	1
gustavv	0
manavvvv	0
wtn135687	66
zhangjunjie_123	0
WARLU	8
GMartins	20
Torchy	0
saf1w	0
phani_jana	0
Zero_One_Mind	0
Debankan_1711	0
iamrajiv	21
anoac	0
sagnikde191	8
icaro.lira	0
Seyed-Hadi-Harirchian	0
meniteshjai	0
vibhu8447_	0
Catakiki	4
mucube0	0
spellcurse	0
..JK..	0
kl2400033000	0
0xArchit	0
bktzhnl	0
praharsh04	1
Tamim_Fe	0
saadid.arham	0
abhay._tx	0
dashkasudoku	0
5amia	0
janmejay__18	0
ByteShadow	6
Sipun_Suman	0
tinfoil	0
zenithcX	6
Anhng.194	0
HitcHiker42	0
ContestSimulation	0
KL2400031590	0
MuRongzhang	336
Abid_Shahriar_Sakif	0
PremK177	0
architbilas	0
ujjawal_11	0
janexyz	0
quangthenpc	26
zl0y.nedomaichik	0
jeevikak.1029	0
sameerkumar.iitkgp	0
vanshagrawal18	0
Coffin4u	0
kc.subramani	0
Veloci_Raptor	0
ZOROwuzhere	0
spoorthyS	0
coder_soul	0
Mo_Abdulkareem	0
Khamnek	0
utsav09	0
edx	0
Anoop_Yadav524	0
pufferFishZJ	33
krishan_28	0
feiningforGM	0
Modulo_47	3
kankan0	1
Sateesh07	0
Maxi_Cuanda	0
rithika2106	0
a5uwu	0
shobhit_123	0
Ayman_Abtahi	0
Nameless_Monster03	0
Kalikhan-Adil	0
khattameetha	0
Dark_Knight_3	0
Sebastian7322	0
beka_bro_zhirniy	0
sanskarjoshi53	0
kl2400032380	0
arpitbhardwaj07	0
jayanth_cf	0
d1vyxn5h	0
PriyanshuThakur28	0
vagqou	0
Akr.	0
vinay.j	0
vedantchopde11	0
applepiii	0
imbecile_in_recovery	0
subuhi26	0
Hasib2005	0
Sketcher_The_Great	0
deepalanithish6	0
sanajy1130	0
Kluska	0
Wil_Pizza	0
stuck_in_loop	0
eresharora	0
0---_---0	0
vinitapathak2006	0
Kraken00	0
abhirichu	0
pdmass	0
ding870	0
uma_9	3
kl2400080032	0
vioris	0
ztyroy	436
Rathi-1981	0
Sanika_04	0
rimi_29	91
nadeemlftr	0
Azuken	0
frederikvase	0
RashidJR_	8
Crimson_	2
Stormbreaker06	0
doanydz	0
OrisB	0
DJDR	0
manjupranav7814	0
shanmukhapriya_balaji	0
SupremoCoder	6
141GHOST	0
samriddhcf	0
202501429	0
DrashithHegde	0
annzzli	0
abdulahad05213	0
Convenience_nut_kernels	0
hanuma_nihar	9
ayushraj1181	0
Sergey9480	0
dldlzjfs	0
BadalArya	40
Mk_anJUN3	0
ARVs	0
chintubhuarya75	0
nayan_gupta_45	0
tanmayi_	0
josh.patinof	0
Akshay_00712	0
NAPHthalene130	12
Shah_2006	0
glitchV	0
BitNinja	8
S_Kh10	9
shivam_gupta	0
WaterSpellbinder	40
Stdream	0
yonaki	4
Saurin	0
ayush_9886	0
__kunnu__	0
prabhakar16	0
Manijityakumar30	0
Azfarcoder003	0
dishajain_27	0
123456_7	0
Shivuk48	0
HarishRao	0
AnjaliB_22	0
kunal988	0
sh_07A	0
RealAaditya	0
VSS111517_IbrahimHanif	0
anshucengage020306	0
just11kidding	0
VPD_06	0
iliketodocp	0
Jahid_ufp_007	0
tirtho_	2
dassomnath	0
Srujan__Tag	0
Mianii	0
M_a_y_a_n_k23	0
raihan-hosen	0
abdulrazaqramdurg006	0
Vex_Code	0
_Shivam_Pal_	0
TheFirstKing	7
1e-9	0
ilovemaisakurajima	0
abhaysingh14434	0
Aviansh	3
HoneyG	0
tarjen_fan	0
hphphphph	0
Jeevan_008	43
hey_shivam	0
prat_1905	0
_ElNuRbEk-NamPM_	0
KalCode23	0
anshu108	0
khangnc	0
DEEXITHABEKKAM	0
nhlong08thainguyen	0
kunal12307k	0
bluerar	0
shuun	79
Keerthi_medha	0
Rosvik	0
rahul_singh_6372	0
lore_	0
Grensuke	0
phuc10th	0
coderharsh5180	0
Robotron4723	0
m_o_n_u	4
adi252	0
samarjeet.ishplani11	0
S_Siam	8
struggle_07	0
silech	4
Noahaaa	0
G2rfeelD	0
raunakkarn234	0
saurabh_kaushik	0
Evier.	0
24wh1a05j5	0
Lucifriend	0
realincor	0
noxjeet	40
BhavikaGo	0
cherry1009	0
XORcist010	0
Habakup	0
dibyajit_nandi	0
explorer2424	8
GEN1U5	0
HumanThe1st	92
.Alternate.	0
wsy_jlyz	0
yulia_k	0
Test_X_Saz	0
savoury_raspberry	0
aestheticoder	1
crow_ga	0
Ryomen_018	0
Bruce_Wayne_07	0
SpameyaT	0
X_Cross	20
EgorSav	5
momo_lover	0
TheDeimos	0
_Adarsh_07	0
XTRBEAST	0
redemptionarc123	0
pedroextrer	8
bojja_srijan	0
Ewqx	106
Josh2775	28
Akif2015	0
bruhiscool	0
Quantumrift	0
phamtriet.win	0
cold_	0
ShubhamBallal	0
On_steroids	2
AurumPrime	0
munthamasala	0
Bred01d	0
__kunal_734_	0
kl_2400032645	0
DREADNATOR	0
kamlikarrishiksai4	0
yeq	0
apoorvzs	0
Ishaan_Panda	0
dlam77	0
ripc	0
ibanez2000	0
sewi_Uk	0
imnotFIFI	48
Sharmitha1606	0
ANytron	0
Sachin_4571	7
Rafif_Abrar	0
b6e0	347
Pobe	707
AyushSharma007	0
djaromir	0
ashutoshjha982006	0
Arnav_Singhal1	122
One-Mind	0
ShresSaanvi	0
Obeto2231	0
KarkiStar	0
TiliaSilens	0
Sarmila.M	0
twmnh195	60
val_xo	0
eyad_secret_account	0
ItzSuryansh	0
SilentBeliever	0
Tanu06	0
Akhilesh6007	0
rehan_shaikh001	0
kl2400032067	0
Atharv578	0
Mr_ABDUKHOLIK2012	0
______d______	0
wangjunzhe31	0
paathlavathsubhash	0
Syrok69	0
tianrumao	0
weijiahao	3
oweMeEternity	0
mie__mie	3
idr1ska	0
tripathimadhav8318	0
masumali	0
Sahej22	0
tujain	0
_niki_	0
tg8729037	0
reincarnated	0
J2osak7gxe	0
abhayrajnegi0416	0
Priya_0011	0
Rahma_Karim	0
harkiratsingh	0
sarvesh1_8	0
arysche	0
MikelBracamonte	0
jagbarrameda	212
Karu04	0
yashg_223	2
mk1647	29
Top_and_point	0
polp10	0
RB1001	0
dimon774	0
Tahirazdww	0
tithi_jasoliya-08	0
x23407	0
4347gopalgoyal12	0
LevShirv	0
Yash_codes2308	0
Philomath7105	0
FoyziaSultana06c	0
That1Nooblet	30
Gautam_chaudhry	1
Tarner_exe	42
Parth_7431	0
ErasylD	0
miniRibica	533
stormi_lalala	0
Sagor693_SUST	0
Faizyab	0
Daniyal_06	0
wanasleep	0
sabarish28072006	0
dip.barua	0
real_shady21	0
enyaa	0
duduatuk	0
Gowrishankar7	0
Ruturaj31	0
vanshikavkg2008	0
crunchyninja	0
dustbunny	0
Galvin_Samuel_W	0
Stonk_stronk	0
karansuthar28	0
mukesh-arav	0
aashay.vibhas2005	0
xmx20100804	70
krish_vodnala	0
TejashRamdharani	102
LokeshP_1720	0
tar324123	0
Baggedit	0
Al-Hader07	0
K-Marjona	0
kksona2004	0
seeplusplus	30
TusharJaiswal813	0
Java_Programmer	355
shashvat_singham	0
Jiyan0207	27
RIGZ	1
mmmmm.7002	0
prashantyati	0
Ronit5	0
Mr_Floppy_Dick	0
jesse_991	0
yoriakimitsu	0
Rahul_Gandhi_official_	0
siddmnh	0
Ismail_Upal	152
levi-003	0
David999	0
2420030062cse	0
balekson	0
malikawork2509	0
ferrocene	178
devdiv	0
GuilhermeL	0
samarinekh	0
oneness_1	0
shanulhaque	0
SOU6124	0
abdallh__salama	0
Harry_Kishan	0
Lin_YuHuai	0
tenims	0
a_tree	0
gaurrov2007	58
Hazrat_Ali_Optimizer	0
Mousa_Aboubaker	301
Manish_yadav_0077	0
songhai_Lin	0
mittalg	0
dzh66637	0
akira2333	0
Mavon-17	0
Cyrex_	0
victusgeopande7000000	0
yash_23_03_2006	1
suryansh10	0
Mark1337	0
DarkPinja	0
LeaFFF	0
Mafruda14	0
EngrAliahmad	0
meh_akshaya	0
Vladiable	0
panditraj	0
sebastianksabu	0
yuvalmakan19235	0
Devansh-singh	0
jainrahul1234	0
victory123212	0
sk1000	0
Anvesh_Dangeti	0
ZuToMaYo06	122
amar_kr_1511	0
Nyans2022	0
xiaohuiguagua	0
aaddiii_18	0
sakib_001	0
Its_kajal	0
Ronakcp24	107
Anish_Kothari	0
priyankaatthghara	0
andrerocha	0
Amar_Anju_Jayant	0
geekyanshu	12
Hosna.Bagherieh	0
fluffypacman	0
kandiboyinabhargav	0
priyanshup8440	0
sheelendrasharma15	0
Dan1c	199
Atul_Jaiswal	0
CoderStudent3169	0
Kavyas0407	0
bhargavi_6736	0
Nileshcodify	0
allandany1027	0
luker59	0
soham__262006	0
A7MD.MHMD	0
SoNiC0O7	0
DlekiYa	29
najumabanu6	0
ANUJ_O45	0
Dragzterz	53
Abhi_1226	0
ry-n	0
Pratham18	8
Varshini1112	0
jiangchenyangsong	0
AMIN___CF	0
bm-cp	0
Gordey_Leushin	0
__yun__	0
abhiramnalla2406	0
Maitree98	10
Luffyytaroo	0
guinelo_cp	0
El-Abiad	0
khuranakartik128	0
ramen_z	0
_Jade_	0
sujithchowdary	0
Anshika123321	0
vansh1412	0
Slowhand1968	0
rejectedpiece2007	0
Harshchoksi	0
asyl_it	0
Mohit_60	0
nickolasarapidis	0
anandchirag31	0
somiljain16	0
vejith_yalamati	0
Nxcoder789	0
Shahd-Ashraf	0
shaikh.yasin.ny	0
defarias25	1
anshuman17anand	0
hunt07	42
kouluyshiva	0
wang_small_fish	0
Swastik7	0
X_illUmiNatI	0
codewarrior_7	0
Absolutist	0
mohamedhassan1711	0
ORIONxx	0
TimeLimit	1
DarkSoul_1414	0
astonw.k	0
kl2400080079	0
Ravindraiitr	0
vegemite	0
Krish-_-	0
Chovyyy	0
rudra_1729	0
MHaque	0
Arnavecm	0
Ashwin_AK	0
llk114514	0
Rizwan285	1
mucha6	0
srivishnuniat	0
cp_hunter	0
fxhxdxd	0
Mirzaa01	0
Shubham898	0
anxiao_snow	188
shahanmusthakim	7
JelteL	0
sunil_patel	0
2420090066cse	0
NBoniii1i1	0
gintokiWhydoCp	0
Anirudh_27	0
prajwal1376	0
jamuna_raja08	0
mukulranjan	0
jx1020	0
sparrk	9
eroinevs	0
RickiChaudhary	0
Haaris_Aysha	0
shadowsniper	0
whateverman	0
namora7	13
hosnyali60333	0
Pranshukr05	0
CasanovaFleur	0
ampatel101000	0
msbhagavath	0
illuminati.py	0
KushDixit	0
Mina_Agayby	0
shantanu_sharma.official	0
Dharmanshuj	0
ysmasyamka	27
Lakshay_Goyal	0
anshulkumar_73610	0
galactusofsociety	0
subCoder006	0
chinahuconkanu1	2
attaullah	0
OffByOn3	0
hashtag_ritesh	3
jaidhuria	0
chai_pilo_guys	0
xjhanderX	0
yusuf12360	269
SanskAr_18	0
dwivediabhinandan2006	0
Garvit178	9
shivarajbirajadar68	0
PiLoCode	109
Diyorbek_Sh	38
fanta_code	0
prateeksingh9913	0
chetanbhandari	0
Majdaldeen	12
PvNmbr	0
kit.27.23bae012	0
sj01_codeForces	0
_Pratyush_	0
coder097	0
yogeshkanwar009	0
kasshan	0
Arsh_0867	0
cpp-buster	0
Shritha07	0
BhavikPahuja	13
Nurul_Afsar_Hridoy	0
aumnil	0
mehadi_talha	0
QRQRQR	551
AditiPatil	0
Mazex	2
Prince02	0
DS19	0
aman_1905	0
fahadmozumder37	11
J_KVS	0
ThanatOS32	0
dulat_akbulatov	0
mahajankrishiv10	0
practice_cf13	0
mehakaroa12	0
Ashutoshchauhan	0
Kraken09	0
nya10	10
utkarshupadhyaydhoom18	0
VinuthnaSabbani	0
vedant__120	0
sleepyAaron	5
Devcorp07	0
k3sb	55
moha1111	34
charankanugula	0
neitoroxin	0
gena9000	0
cfyyan	5
Krux	0
Gauravvv24	0
yash_hh2310	0
sharmarudra775	0
rohit_02	0
mankudidcodeatcdf	0
Random12234dswf	0
blankKyo	182
thelonesailor	115
alicesharma	0
asterunee	18
skg58	0
Rust7	19
CaringWaryCAPTAIN_	0
Fishflood	0
sunflower01	5
BitByBit123	0
Shuhan_Ahmed	7
suraj851098	0
anuragroque	0
TahfimRafi	0
vinit_iitrpr	0
priyansh_rathor	0
tharundev4	0
priyanshuranjan759	0
ayush_god_06	0
HADIA_ABD	0
geek_19	0
1andgraf	0
sayann176	0
maissharabh	0
faseeha_21	0
TimurKul	369
AbhinavaKalita626	0
sns_HAKER	0
neulfox	0
Priyanshi_Vishwakarma	0
Pranav_0711	0
LordGrignard	0
CarbonBlack	9
Devesh_06	1
Nexto	0
sketchologist	0
imtiazsakib15	9
jaiswal64	0
cf_ljy05	0
Swayam_shah30	0
sharma_krak	0
Div_negi	2
Sh1ki_NatSume	0
Abhi_Vipulbhai_Vamja	0
RajatxSilver	0
EpsiDel	0
dhairyajtoliya2008	0
mishra_adesh	0
muskanyada661	0
padvait	0
Ananthu_CS	0
Titan799	0
Kolya	0
aakash__sirohi	0
sachincoder11	0
KidusHawoltu	52
srilatha10	0
KitaCompressed	10
Madhav_24g	0
Revamth_Raja	0
nataninimish	0
ch24b008	0
ajcp	0
2410030356	0
selectance	9
Pankaj_Codex	0
algostellar	0
ArchieWin	0
dexius	0
LEAstSigNificantBIT	0
dyaus.ghangas	0
ngakanbagus18	0
awesomedudeworld	0
kit25cseasherlins	0
sr_9896	0
madhukarnitp	0
ninjaxx98	0
Tirth_Svnit_Cse	0
SCHRONDINGER	0
pranavdhardwivedi	0
Snehitharddy_06	0
Rohit_infinity	10
mohd_shayan	0
WithoutHope	0
Asysen	0
Samosa_Aur_Chatni	0
Kernel_Jayant	0
chandanboga28	0
chintaviraj09	0
Dlq1602	0
Harshit_397	0
Ziad_Abdelhamid	0
yz_zy_yz_zy	386
manishraj0424f	0
sandbad	0
_Madi	0
GabrielVBruno	15
jesko_koni	0
i_am_arcp	0
the_enchey	0
srijonpaul.snigdho	0
KEDAR9	0
Abh_ina_v	0
Krrishnam_29	0
macrobound	0
AtinRoy	0
Mmdlnihat	2
vega123445	11
gimik_123	0
sahil_kr_	0
hritulak	0
Abbas_Akram	0
rajeshswami	0
sizu_cruise	0
PujanMirani	2
the_pro_code	4
Adityaraj21	6
Anushka555vy	0
Prabhaash123	0
mirai_14	0
ramaalnajjarr0	0
Golden_Eagle07	108
Pratiksha_Jani	0
rabbihmgc2023	0
zyrax0805	57
Dharvis	0
cubiccube	7
mitratanmoy246	1
rithwikrr07	0
BlazeEagle	3
Jitendrakrishna	14
martinsemsem	10
ssr18	19
Devendra_1005	0
Ziad_Taher	0
Nazmus106	0
iflexible	2
Saketh86	0
notTeakTeak	0
Dummy_acc_1	0
diskord7952	0
rohitt.raj	0
Sarthak1712	0
shhhh	0
Anasssss	10
Recall_cpp	0
pola_wygocka	0
jashwanthi_07	0
Baaaaaaaaaaaaaaaaaaack	0
tammzx	0
manojbejawada23	0
caoyiyang114514	395
Veer_codeforces	0
Sowmya_ku4uva_19	0
nyomikajain12345	0
x_anni	14
dearcoolgirl	0
maido_	0
logashree_mohan	0
om_436	0
Chaudhari_Parv	0
sarthak_jain18457	0
FallenSeraphOfMiracles	0
RockyYue	52
dr_cigarette	0
Charan3800S	0
Itu_Talishman	0
ah_med_gd	10
anurag.av57	0
adityagupta32.2014	0
penne	2
chernobylhere	0
vaibhavv.25	0
lokii-09	0
neoiiilo	0
MohamedAhmed_123	0
Shad_Vishwa	0
x10tion7	0
codecrusader69	3
Vantoro	0
yravidheeraj12	84
RagNork	0
Abhiram_cf	0
Swedsid	0
B_RohithDatta	13
borabora	18
basmala_hesham	1
Ya_Rab_Pupil_Lalkatkot	0
ConquerorOfVimmaster	0
F_Tamim	0
Briell	0
Ghazal_Farha	0
juruoyige	0
Jai_yadav_04	0
ayush15122005	0
SuhaanShah	0
Abbu1406	0
honesTom	0
ItayKarny	0
arpank01	0
Vikas_Jha	0
dante_DMC	0
S........Don	0
imthehks	0
JADU_32	0
braingames_16	3
garvit.kumbhat18	0
Sanat0412	0
milfhuntet	0
AIITJ	0
anne12503	0
preetham.yamsani2006	0
priyanshu_24_g	0
Sith_Bored	0
hari_shankar_18	0
anarbaevaas	14
Harshu_21	0
Sudharsun.codes	0
Kartikeyagupta_13	0
Nayent	0
anushkatiwariii.04	0
ianisbaidoc	0
vedansh__tyagi	0
vishwas_16.0	0
vanim7371	0
thudo	0
Saksham152	24
baran.00	0
arona1	0
MeluBhai	0
Adithyacoder	0
kl2400030683	0
kush3010	0
hasini1222	0
kushal26	1
margotlareine	0
jackthegaiantslayer	0
A_byte	0
ungvinhdat09	0
vinovarshini_37	0
jas.thinks	0
YanHua-YiLeng	0
aayush4527f	0
ymguo	0
M3n3m_S4bRy_007	3
zenith_07	0
attackonthinking	0
7575	0
Ojasva03	0
smf	5
xtrm0	0
userbhhh	0
MK_7089	0
Za-Ta	0
Krishnar-8218	0
aXuan0915	0
DarkSlasher_AC	0
Phoenixthe4th	0
LukaA77	0
coder.sy	0
vk2807	0
Ankit_.27	0
Naman_Is_Shit	0
Ruyi_AK_IOI	0
positivve	0
wangmingchuan	0
pulkitgarg04	5
aaditya.baaghel	0
carlosordinola43	0
igno_tus	6
forde	4
SuryaPrakashMC	0
24r11a05w4	0
hedwig_11	0
SqDiIgXDNweCBiKPNI	0
r5683	0
2404067	0
aham__brahmasmi	0
zltz4	0
ANIEHERO	0
Nikhil_1024	2
Yara_Matter	48
uti_raj	0
vivkostov	1
hsr108	0
psjeee8	0
vadaliyaprins	0
Rida_Faiz	0
NotJinxed	0
24je1062	0
yhcy_dsy	0
the.mamajonov	0
haoquin	0
jayanttomr	0
donn11	0
samarth_shroti	0
THE_THUNDERSTORM_BEGINS	0
yusubluresid	0
shivakrishna5445	0
haneesh_2347	0
Mark_Pr	81
patel56	0
bitwiseMonk	0
umbraphile	57
7etem	0
jyotiyadav24	0
Demchenko_Aleksey	0
almighty_14	0
Aa_kash	0
mohitj_18	0
__Shanto7__	0
AllFiction	0
Anmol_ZEZX	0
ShivamGupta_1	0
Samarth_Dhillon_12	0
kistom30	0
alansamuel	0
mansinalayak	0
SAbhiram07	0
adityakishor61	0
Rafsan18	57
HeiSenBerg_0806	0
CharitraJ	0
i6nat1us	2
Steven2398	0
natehigger	18
Bhanu_yadav1008	0
mayurBhusare	0
abhiishhek_k	0
IbrahimX75	0
Meikol	66
hardikaggarwal_26	0
sarvanthiarumulla	0
Areeb-coder	0
lghtningbolts_conqueror	0
vishnupriya_123	0
CantileverCoder	0
Koder_	0
punitkejriwal	0
kayvee	1
Sqrt_-1	0
hhy1_	2
aksentinel	0
Shenzouz	243
saurya19	0
ants04	20
Ice-Panda_PG	0
nabeelafatima256	0
AlAbd7	0
onekslow	0
MatamAkshith	0
rishwanth.n.ravindran	0
Augus2026	0
conqueror_of_maestro	0
heshowspeed	0
NikZapp	0
8888ion	0
romazani	0
dkverma._83	0
SanyKing239	0
AYAN_SHAMIM	0
alkanfb45	0
Eshan129	35
Mohan_siva_kumar	0
AkniyetZ	0
SriAkshat12	0
shiv_421	0
ThetaOne	0
FarhanHY	102
Abu_Bakar..Siddik	0
ashuramajestic	247
Faaahhhh	0
_srour_	0
aryand079	0
Varun__2222	0
avnigoel54	3
Y.F.G.Y.Y	0
Pixia	5
kukkadapusaipraveen26	0
ashwini492222	0
iprosenjitp	10
tosh1k	0
honeyxs1	0
Alexeychik	0
WeiAn	5
sambarta	0
virodh	0
B_somaraju	0
GDivyanshu3012	0
AmrElkhodari	104
ZabelinAV	0
HighSpeedHavoc	0
kl2400040133	0
chris4321	11
i_Ayano	0
yujie_yao	0
J_Maruthi_Yeswanth	0
sofia_123	0
belema_007	0
infinity_0507	0
arponkarmaker86	0
tejash1964	0
khan.daniyal1329	0
cveda	1
Fusion831	10
Pentennium	0
BBA_bhalobashi	0
zyqs1	0
Evo_Witch	0
sk3019kumar	0
playernine	0
Sujal_kumar07	0
Who_Is_Asit	0
byreddydinesh45	0
adityasingh27072746	0
DamonSALVATOR3	0
leelaprasadchalla126	0
lourdusmel	0
byemax	6
queserasera_	0
raghavmathur	0
anorak_07	0
abhimanyu_singh514	0
ToastBread	414
Resul_Ulubeyov	0
Predoiu.Alexia.Maria	0
kl2400031646	0
omarmureb38	0
omsanghvi1	0
911.py	0
risujiroh	4137
ngmi.exe	0
ber4awi	40
Timmyliuyunxi	678
Abdu_Khatab	0
hellostupid	0
Rushi_nomi	0
aakash_0207	0
qwerty787788	321
avesabc	0
TDCDanh	0
Fua	0
knightlykamlesh09	0
braahghazy	0
daclrain	0
ECEgod	0
Neo_Phoenix	0
nayans07	22
risherg	0
LASTAV	0
scooley	0
IbnSajid	0
AK.mnnit	0
ramiskhan1708	0
clueless_girrafe	0
samarth16	0
Balumba_06	0
Priyanshuj342	3
f20250785	0
CodeSpider	1
PSR_J1748_2021B	0
ujjwaladitya	1
Suvaly	5
Jay_Kumar_Sharma	0
Arunagiri_T_27	0
amisalin2	0
bot.mochila	0
rdrding	0
buzhhidao_aa	0
shrawani03	0
mukherjeesoumyakanta	0
singh_rocks101	0
Pedrinho_Eu	0
Deep2025	0
mohamad_abd_albari_kh8	0
mihir_harsora2	0
aryan.99mittal	0
Devansh_agrawal	31
geno_0526	0
raunakktiwari42	0
Shurui_chem	0
m0n0valu3nce3070	0
tajrianafroz	1
Bonstien	0
shankie2k5	0
kit28.24bad176	0
alelapolema_1027	0
Tuli2024	0
dakshtiwarilibra	0
ngl_stranger	4
Salaj511	0
_divitp_	0
Orville	0
AmartyaMishra	0
Complan_boi	3
voidNerd	0
XIXN_cpp	0
new_coder23	0
Arjun2104	0
WoChotiLadkii	0
kushagra4adrenaline	0
ocelo7	0
Dbodo	0
saniyanaushad97	0
2562160037	0
vinayak069	15
Ayush_nath_jha	0
ezyabhinav_001	0
Gokul777	0
bytemaster_04	0
ramshiramshetty466	0
charan__8	0
VinayakShetgar	0
wqy571	0
Rising-coder	0
devmahato	0
Sanjana1009	0
snehajbvs31	0
hamz14__	0
anantark	0
CryptixCodes	0
Kerkeden	0
thummarraj60	0
devarshshah203	0
zahhym	0
coSai	0
TanmaySingh	0
whyvineet	21
0918273654	0
sachin_.xharma	0
vaishu_30024	0
Aditya_invinscible	0
T_Ryan	0
NSRPLAYS	0
ShadowSlayer1	0
sahilpro1108	0
notVAL	0
fzjsx	8
rammohan_s	0
praveeenchoudhary4169	0
Remargoo	0
skr.shubh	0
Keval_Mandalia	0
VSS404910RumanAli	0
DistantMyth	0
NAVDEEP009	0
soyabean_10	14
dakshshah93	0
sladlkoed_	0
nikhil_chhillar	0
kalyanicore	2
winanhle	0
anshnalin	0
Joshjfry2007	0
Jose_Antonio	0
ranveerhajari	0
akarshitgupta78	0
fydj	0
jaimyrion	0
Zoz	2
Asynchrone	0
hoangnoobpro	578
Cemilsstudent	0
zinzuvadiyakrish1	0
lylsu	0
Ngeces	0
_ameypatel_	0
subbhu	0
wfz	72
kunal289	0
Gopta	12
piyushp6043	0
kri_param	0
7Arham	0
harshinibodige156	0
Starz099	0
kl2400032577	0
ransomewillsome	0
njvndjnvjenjve	0
M0hamed_Saad	0
nandini_codes	0
Shukla_ji_plusplus	0
its_code_ape	3
NEZ4R	0
Honest_Observer	0
Aryan_Pandit	0
hkforever216942	0
pornocumuzaffer	0
Butter_Chick	0
laxmisahithi_07	0
slime016	14
Ali-Hadi787	0
MekaAkshaya	0
Konjac24	0
souravxcd	0
Not_Anant	0
jayesh731	0
atulsingh951103	0
boss__1	0
Coder_Pranshu	0
Gaurav1013	0
avh1431	0
ZQZBD	111
lalitt	0
Zaid_Al_Dasouqi	0
charansai18cs	0
Adityasssss	0
stonecbw	10
zhouyitao123	0
Akhand_24	0
_THEONE_	0
NekoNxx	0
veereshawaralli	0
yashgupta2116	0
armundz	0
pRat249	0
ankush404	0
rgnerdplayer	1728
Monasm	2
akshit_shukrawal	0
5k1ps	0
veroitkuhli	0
thepronoobie	5
Sollys	257
zoededoge	0
laddhruv495	0
_ayush_1604	0
Khushisharma_11	0
Pigsyy	43
ha_hacker	6
akbarinyetimcesi	0
Chetan_K	0
Hridz06	0
T4nishq	33
TinaZixuanLiu	0
vishalxr	0
Brain.full	0
polka_rat	0
Anubh_av123	0
jaygarg2006	0
Reaper08	0
HasibEvnRiaz	2
limered2763	0
LazyNode	0
TheOGKazuma	0
mt2668	0
yukwork480	0
sumiiiit	0
halerouya	0
Redamancy_Lydic	0
rohanxcs	0
003_loli	0
altamashakhtar097	0
amrel7o0t	0
unfAirLY_XO	0
mohammadmobeen9822	0
MCPlayer542	11
Manekshaw	0
saiyelmatwad13	0
illbeatyou	0
Antohha	0
Snow13	1
Mad_Raptor	0
IowskyXaker	0
8pete8	0
priyapatelverma888	0
Middler	2
LazyCoder_0912	0
Hendrix_Soka	0
Shiva_Kamesh	0
dinopowerranger	0
nevershot13men	0
mtand872	0
yizzy	0
srinivasbikkina	0
kumaranushtup	0
amirthavarshiny	0
AmiBoy1102	0
Captain_Luffy_	93
aayu24	5
Sriharibarodhi	0
Kailash-Sharma2005	0
lightL	30
SinghShresth	0
Hamza_H	0
Raj9588Veer	0
Utkarsh7xo	0
ashwini_codes	0
chaudhary109	0
wyy_2010	86
shreyyyyy566	0
Prince_Algo	0
NyxByte	0
Siliveru_Karthik_	0
R0R0N0A_Z0R0	0
girishanko7	0
Neuron_x10	0
encrown	0
kl2400040129	0
subah_14	0
tanuj0019	0
harika_605	0
dukk	19
Wait_for_itt	0
chiennnnn	0
ayushverma9408	0
Zaum	2
aditya_107	0
sharmilaislamchowa	0
ZestyClose	0
khanhnguyen06112007	0
niveditha_	0
Samyar_ZE	0
samsam_823	0
thomas2013.chun	0
Utsav-Patel	0
unifiedspectre	0
Blavblav	15
Madhumitha.M	0
Aditya986	0
SinghAryaVijay	0
abhishekxm1	0
shreyashhhhh	0
diocletianthe1	0
Divyanshu.07	0
tejasiitg	17
Harshuu_007	0
soup	12
RgZg_LnEn	2
onlyrahul07	0
govardhanreddy_0716	0
pringletingle	0
tony_montana_656	0
Just_a_dev01	0
PraneethaTumarada	0
lxh20110629	333
oliver_immanuel	0
MOHAMEDHOSSAM34	5
Adnan_Eminov	0
Fail_better	0
_1amineAmarty1_	0
ainh01	159
yashbhate60	0
itzemirrr	0
RogerA	60
ivanov.peter	0
pisini_Ramana	0
mehul-khandelwal26	0
wrxx	0
BankaVarenya	0
Vili1234	0
kl2400040132	0
Prabandh05RP	0
SURENDRA-KUMAR	0
Rumplestiltskin	0
chandanuwu	0
Mayank_1694	0
abrajibiou	0
Pranav_19111	0
KuZe__	0
Raman_Ver1ma	0
atharva_srivastava	0
dynamic03	0
nighthowl1526	0
ilyuxa.kon	0
adhikaryutsa.30	0
abcdefghi_pri	0
MnmReqd	0
ashrafulalamasad	0
Piparkuucinsh	0
nhthinh	0
Aryan252006	0
LaureanoU	0
Gnaw2026	0
aditya_turing	0
vamshi_2208	0
Manav2805	0
xyzjbkjg2154	0
jagannathpisharody	0
KshitijChauhan	0
mmmanik	1
Charizard-guy	0
kl2400032703	0
pvpat	0
Saranyareddy_7	0
agulati02	0
kl_2400033300	0
Anas_07_	0
mnv107	25
3imobolja	0
PalestinianPride	0
Daria2012	0
xiangxueyyds	2
Krishan044	0
Wuren555Desu	0
sohammahajan	0
walalala	0
shhiivaam	21
yasser4real	0
___nika	0
ProSamurai	0
CF_Krrish	0
Mohanad_Galmad	0
infinite-lo0p	0
Kushwah17AkashSingh	0
Abhay_18236	0
chaitukulkarni27	0
deepanshig2008	0
DUMB_NOODLE69	0
fiban123	0
sutingoo	0
rajeev_24	0
WuXin159	0
Fa_Nanf1204	77
farruhbektojimirzayev	0
quixotant	0
You_know__WHO	0
lohit398	0
someaz_pro	0
opa	146
Vasya_Zhukov	0
BrandonJo17	108
rohith1111	0
codereddd	0
ylyyly	0
kartof	0
Tlatoani	129
SkuGeorgy	0
CodoLeoX16	0
13_SWATI	0
mahesh_nandigam01	0
Rudra4404	0
charvsnnn	0
silentpoison	0
__aditi_trivedi	0
Ahmed.Gabr	0
rakffffsh9467543090	0
snpe_12	0
aartyst	0
sanskarsaxena196	0
tanmuling0429	0
imSNP	52
Mr.Nags	0
Amar_Anju_Naman	0
Akshay_0123	0
Dhruv_23K	0
TOPCoder_007	0
ngoeee	9
celestial_135	0
dhruvsr16	0
A_M_Arka	0
Jinwu_	0
_Sohel_	0
Obelisk_13	0
JickealMackson	0
kalevedant750	0
Anafa_Sadiq	0
ratneshp411	0
gjz8048226	0
AnandaNischal	0
srlabib	154
alex_postelnicu	0
raghav_kansal	0
baconmetropolis	0
YASHARTHBAJPAI	0
Rayo	0
hasii_19	0
Drunk_Man	0
Mr_Dipper25	0
gHee_khatam-2005	0
CHYShin	0
ameyajdg	0
11222777_sagar	0
prateek_ind	0
zdr256	0
ameem.adnan	0
GamerSaad32	0
BlackAnt	0
karkideepanshu5	0
BadEngineer	0
Dead-Or-Alpha	0
mamurjonm	0
himanshu-celestial	0
gabrielmurillo	0
discontinuous	108
nirmit_08	0
RCR0101	1
moutaz41	0
akshatshaw85	37
rv_karthik	0
kshilpa07	0
A7med_Sayed	4
cracked_handle	0
Faysal_Chowdhury	173
krzysztofkarwik0	0
Sud0oku7	0
a_Ywa	31
B0r4k35	0
espacio	123
Xazar_Anverli	0
amintahagolmohammadi	0
Rosh0013	1
joyboy24	43
Spoiderboi07	0
ShouryaShinde	0
simplecarbseater	0
jain28parv	0
kiensosad	2
singhgnoor	0
Anas_h_AlKhdour	0
Sauravnu2412	0
kit28.24bad185	0
Anirudh_codes	0
PelicanPilot	0
B_SRI	0
Adix241	0
123Hamza	0
Halzyonnn	0
perphorator	0
Hardik_Dixit	0
SOUMYA_0502	0
humblemeetup	0
ELSE_IF_TRIDIB21	0
accstu047	0
Qmaple-	0
bodhanapusuhas18	0
cool-guy	0
Etminan	0
ThePavanator	0
deepak5859638	0
bithal	7
deepakkumar585	0
LOGESHWAR0910	0
mohitchaudhary	0
CodeNighter67	0
Droop0045	0
TskaM	0
krishnaa07	0
LVyb	256
Arfi	42
Jastanob	4
Schr0d	0
kethavathbalaji	0
Mohiul_Haque_Rabby	0
titangreek	0
_ye_1	0
Chen_Zhen_DY	0
Skyvb	0
mlgbz	10
leadingtheabyss	117
EerieErebus	0
sparshk13	0
kholiefmenna	0
jihadafsan6	0
Tanzil_Hasan7	0
GlowCheese	19
Clutch06	0
pansuriyahit0	2
NotYourDope	0
AKashit_125	0
neeha77	0
Aditya28a10	0
Gokulsrinivasan	0
s17060407305	0
Octa_pe_info	73
PKWPWK2	0
uestcer	35
Depzaicogai123	0
souponmycat	0
vedantchavare04	0
kg3209	0
aizen-x	0
Saitnos	0
kunal1312	0
priyanjanarc05	0
Negative9	0
tooicloud	0
compreslayer_969	0
chokzzz_39228	0
chetaniit07	0
tamedashed	0
MKD1145	63
Harshvardhan_Rathod	0
hollowhkrddd	0
atharvasinha	0
arulanandh98	0
daarua	1
_Nourhana_	0
StartLovelive	0
Nazrul_Islam_Fuad	0
entitled	0
LycheeBTTP	25
ryc12345678910	78
Himeshkumar9521	0
Mennamahamed	0
prasenjeettiwari25	0
saza72	0
IceWolf898	15
Roga_Manush	0
Nandini_21	0
Triveni-Malla	0
People_Chicken	0
sussy69lover	0
hakwold	0
viralbhoi	5
garimashalvi	0
DARTHNEMESIS	0
Ved_maur	0
B_Arun_T	0
prajwal.yadav23	0
yeenxoo	703
minhtriet349	0
izhaan_3141	0
enokela	5
divyamdixit49	0
Nihal_152	0
FarhamFjz	0
Nonagon_11	0
Legacy-Hydra-Ayan	0
Toyshi	0
Taha_Tajik	0
kmn_chaitanya44	0
vacantman	0
srishtimehta-13	0
varta_man369	0
shaurya15v	0
ap_coder	0
Ziad_Ebrahim	73
Santhosh-S-2007	0
rahmamostafa592007	0
ghoshsuryakanti	0
Mradul_mg	49
Aanshi_Sri	0
a2coder	0
naanikore	0
lotttjakkk	0
testadarsh5239	0
mudkipp	0
agck7682	0
venkata_ratnam	0
nakul_s_bisgond	0
SahaPacific	46
visheshkumar95647	0
222151tan	0
jack_sparrow45	0
SpideyXA	0
sbragul26	0
fangwj	0
Pegah_MH	0
Tanisha_M	0
BLuemoon_	0
SHIKARI26	34
SyedZuvaria_2006	0
aspiretobemw	0
Kartheeeeek	0
__neopentyl	0
DevendraSahu236	0
vatsalvyas	0
Biraj_roy	16
EyadEhabElfeky	4
doraemonthebest	0
Krystalrayx	0
hpatel	0
XGshipian	1
cxy1999	29
Sanjana_Upputuri	0
ari_jee_3120	0
glitch_1207	0
Hussein_Yasser	98
pete2011006	0
Question_Killer	0
irlenp	0
wsichko_koz	0
traveller318	3
codeforcesplayer	0
softnwet	0
saikumar121	0
KL2400031017	0
arsh_2004	112
narendramodi	3
vivekx17	0
Nikolasin47	0
bindusree_kunuru_	0
ShArDul_0109	0
sumit_swaroop	0
malaknabil4268	0
code_algo	0
diyarsharma12	0
subhamsaha	0
Yagnik_Dhameliya	97
peeyush2000	2
Leela__Bhavani	0
shantanu1485	0
Charan_Poddaturi	0
KhanhTran19088	0
Compback	0
NetFriendSoyo	0
George_cyh	0
karthikjurmure26	0
i_Adi	0
Hoshimoon	0
smudgie	0
matheusdqueiroz	0
kuruvahemanth268	0
Rudranil_Jadhav	0
-Oka2013-	0
Will_Xu	0
Daniel88M	0
mohitgupta4357	68
adiprj	0
joyarepalli16	0
GCCCCCCC	0
gordanxin	36
calliumelyse	0
arinz	326
AdharshG	0
bug_hunter_47	0
zhang_z_h	0
officialharshitpatel1	0
Beyond_Red	0
Robertonto	0
Arisu_0v0	187
Soham9181	0
Altnot	7
Akash5399	0
rashi_iiitv	0
codelogistt	0
sep_15_23	0
Thanmai_2407	0
Nerf_em08	0
ImmortalNighnmare	0
PROB1	0
sahaj.jhamb	0
Sanurag_Bandyopadhyay	0
teling	0
Ayanokoji_Arima	52
Silentio	0
ayamdash	0
shrutivjha1	0
poetry_martyr	2
Contingent	194
zhaobingzheng1	117
SohbetOvezov	0
Kanelew	0
omar79	0
etetoo	0
DJNoob45	0
maha_4	0
MoonCharm_RG	0
Singha_6	0
tanisha_puri	4
Dev_Verma0707	0
DhruvMundra	0
chelly19940412	0
Lishiii	0
distraughtmaniac	0
curie	0
al3x7nd3r	0
huyvj	0
MTV1981	0
wleigesaogang	0
Lsa_Badry	0
Aurex	0
tpshld	0
Electro_Valkyrie	0
Zephyr_27	0
udaypratap01	0
Harshith-10	0
Pheonix2583	0
BH3	5
alpha1215	391
prakhargupta7	0
chaitanyagarg2026	0
Mariam_Mk	10
dina_saba	0
quantocode7252	0
hiro69420	0
NeonBit	0
gam_tes	25
devangshu.pandey2025	0
suyasho786	88
malak101010	0
expx	0
divjot_24	0
yahia	1
unhappylord	6
LOSI_SUNITHA	0
kit25csecjelphin.j	0
mekeybe	0
pass_pass	0
_Tesla_	0
Rajan29	0
thetouchyuncle	0
gakshat468	8
Sayan_deep	0
LordAkaza	0
kurokouo	44
ArianKG	6
sdas3802	0
DulatMurat	0
rr_manish	9
rohit_541	0
bingpao	0
rvmogre	53
rajsaketraj	0
holanda2103	591
Heba_Eltoukhy	6
Ash1718	17
Mohammad_Hasan	10
2400030980	0
manukumar.850.a	0
getting_strong	3
IMLV1111	0
GCCCCCCCC	0
kl2400031163	0
heyuhang	0
Sujal_Gound	0
syedaaliyanx	19
Voidron	0
Malav_21	0
Wubbyshek	0
Homogenous	0
psukhmeet	0
1089	0
Honey_1229	0
mithileshdeshmukh69	0
paramnarayan	0
divgotnoskills	0
im.saroj	0
rushipatel296	0
L1bra	369
another616variant	0
mahm0udnasr	4
safdar_hayat	0
AmanJha1258	0
Xx__Amar	0
Shrut_Vanpariya	3
nocturna	9
utkarshver11	0
sheikhnoorhasan85	0
Epic_Gaimer	0
kungfu_PANDA_07	0
ranagagan810	0
Kaviya_14090	0
trienow	0
yasaswini2006	0
mennahelal882	11
Torchali	3
HAOering	0
Askew_breadcrumb6	0
manas656	0
extrawala11	0
_Praveena123	0
orange_orange	0
harshini06a	0
namaninfinite	1
TimmyTimTam	6
errorion	0
antarctic	0
FS1041	6
___Sparkle___	0
harshmathur1503	5
sarveshh_v_	0
Dev-XYS	0
tofuegy	0
hzena7382	0
ritwik_b18	0
JapneetKohli187	0
krovmoroz	0
r4m-t1n	0
mastaadmi145	0
SaxWeb3	0
BEIER	0
kulwinder_thind_04	0
sindham_kranthi7	0
LakshayGMZ	0
ZISAN	0
moonhero	10
nilay_mastaadmi	0
RecursionKnight	0
Rudraksh_Arora45	0
aIish	0
RK_HR	0
AbhyudayaTak	0
attar_	0
pranjalinm21	0
Rudra_Sorarthiya	0
rememberforget4000	0
mehuyr	0
KL2400030476	0
ayush20304	0
Karen_2010	0
TryingTooHard	0
OneLastPushBack	0
faints	0
Ritesh_Kushwaha	0
Storm_Fire	0
sideagleye	0
asymptote_69	2
techybabu2901	0
AZron	0
volam.hasini21	0
pandeypranshu2007	0
avanyushkin	0
aka_chinkz	0
Yyydrasil	0
Boa_Hancock	0
TheDarkKnight07	0
rahul_kgp	0
remaerdbt	0
Vivek_456	0
_aman_varma	0
medieval_cyborg	0
Keerthanv.offl	0
Fourier_Transform	0
satyam6790	0
apurv25	0
TMinhcbh	0
Amalgam_15	0
debugggg	0
DadaKing	0
TiLTovozzik	8
phuc78284	0
Invincible_Dark	0
Aiden929	6
Krish_Raj	0
Mohitkumar7070	0
caihongbo20120410	0
prateekyadav511	0
Ashar0n	0
Ak_m7uslim	0
mihirpetkar2006	0
Ayush-Rajput22	0
pwspatronn	0
2400033058	0
Regenbogen710	0
b24me1026	0
kshitijkolekar555	0
tejaswini_reddy30	0
AhmedMousa44	0
khaled_sa3eeed	101
Parse05	0
YahYaGG	0
2400040096	0
Kash26ish	0
Warhawk257	0
harshalmunot	0
kuzeyaloglu34	0
Rithul_NM	0
hari_shankar_karthik	0
